{"cameraMode":{"drawMode":0,"name":"Shaded","section":"Shading Mode"},"sceneLighting":false,"audioPlay":false,"sceneViewState":{"m_AlwaysRefresh":false,"showFog":true,"showSkybox":false,"showFlares":true,"showImageEffects":true,"showParticleSystems":true,"showVisualEffectGraphs":true,"m_FxEnabled":true},"in2DMode":false,"pivot":{"x":0.8530313372612,"y":-0.0007045269012451172,"z":0.2840425968170166},"rotation":{"x":-0.41624605655670168,"y":-0.0021872378420084717,"z":0.0009934528497979045,"w":-0.9092584252357483},"size":1.7117490768432618,"orthographic":false}