{"cameraMode":{"drawMode":0,"name":"Shaded","section":"Shading Mode"},"sceneLighting":false,"audioPlay":false,"sceneViewState":{"m_AlwaysRefresh":false,"showFog":true,"showSkybox":false,"showFlares":true,"showImageEffects":true,"showParticleSystems":true,"showVisualEffectGraphs":true,"m_FxEnabled":true},"in2DMode":false,"pivot":{"x":0.12636983394622804,"y":-0.2126920223236084,"z":0.18294978141784669},"rotation":{"x":-0.3071536421775818,"y":-0.02512463741004467,"z":0.00810442678630352,"w":-0.9513029456138611},"size":1.4686765670776368,"orthographic":false}